<filetype binary="false" description="The P Programming Langauge" name="P">
  <highlighting>
    <options>
      <option name="LINE_COMMENT" value="//" />
      <option name="COMMENT_START" value="/*" />
      <option name="COMMENT_END" value="*/" />
      <option name="HEX_PREFIX" value="" />
      <option name="NUM_POSTFIXES" value="" />
      <option name="HAS_BRACES" value="true" />
      <option name="HAS_BRACKETS" value="true" />
      <option name="HAS_PARENS" value="true" />
      <option name="HAS_STRING_ESCAPES" value="true" />
    </options>
    <keywords keywords="any;bool;data;enum;event;float;int;machine;map;seq;spec;this;type" ignore_case="false" />
    <keywords2 keywords="cold;fun;hot;observes;receives;sends;start;state;test;var" />
    <keywords3 keywords="$;defer;do;else;entry;exit;goto;if;ignore;on;push;sizeof;while;with" />
    <keywords4 keywords="announce;assert;case;default;e*;goto;in;move;new;pop;print;raise;receive;return;send;swap" />
  </highlighting>
  <extensionMap>
    <mapping ext="p" />
  </extensionMap>
</filetype>